{"cameraMode":{"drawMode":0,"name":"Shaded","section":"Shading Mode"},"sceneLighting":false,"audioPlay":false,"sceneViewState":{"m_AlwaysRefresh":false,"showFog":true,"showSkybox":false,"showFlares":true,"showImageEffects":true,"showParticleSystems":true,"showVisualEffectGraphs":true,"m_FxEnabled":true},"in2DMode":false,"pivot":{"x":-6.258487701416016e-7,"y":0.2892141342163086,"z":-2.980232238769531e-7},"rotation":{"x":-0.35396528244018557,"y":0.004767261911183596,"z":-0.001804257626645267,"w":-0.9352508187294006},"size":1.0462841987609864,"orthographic":false}