{"cameraMode":{"drawMode":0,"name":"Shaded","section":"Shading Mode"},"sceneLighting":true,"audioPlay":false,"sceneViewState":{"m_AlwaysRefresh":false,"showFog":true,"showSkybox":true,"showFlares":true,"showImageEffects":true,"showParticleSystems":true,"showVisualEffectGraphs":true,"m_FxEnabled":true},"in2DMode":false,"pivot":{"x":-2.2065210342407228,"y":2.147043466567993,"z":3.5001115798950197},"rotation":{"x":0.3023068308830261,"y":-0.047158997505903247,"z":0.014976421371102333,"w":0.9519287347793579},"size":1.2923070192337037,"orthographic":false}