{"cameraMode":{"drawMode":0,"name":"Shaded","section":"Shading Mode"},"sceneLighting":false,"audioPlay":false,"sceneViewState":{"m_AlwaysRefresh":false,"showFog":true,"showSkybox":false,"showFlares":true,"showImageEffects":true,"showParticleSystems":true,"showVisualEffectGraphs":true,"m_FxEnabled":true},"in2DMode":false,"pivot":{"x":0.41034597158432009,"y":0.02171061560511589,"z":0.05368000268936157},"rotation":{"x":-0.02840322256088257,"y":-0.6989862322807312,"z":0.027596978470683099,"w":-0.7142080068588257},"size":0.7997557520866394,"orthographic":false}