{"cameraMode":{"drawMode":0,"name":"Shaded","section":"Shading Mode"},"sceneLighting":false,"audioPlay":false,"sceneViewState":{"m_AlwaysRefresh":false,"showFog":false,"showSkybox":false,"showFlares":false,"showImageEffects":false,"showParticleSystems":false,"showVisualEffectGraphs":true,"m_FxEnabled":true},"in2DMode":false,"pivot":{"x":-0.39649417996406557,"y":0.7782083749771118,"z":-0.08249127864837647},"rotation":{"x":-0.001549566863104701,"y":-0.9959424138069153,"z":0.08867160975933075,"w":-0.017318129539489747},"size":0.5435231328010559,"orthographic":false}